timestamp,outsideTemp
2026-08-10T02:27:13.654Z,102
2026-08-10T02:27:13.854Z,102
2026-08-10T02:27:14.050Z,102
2026-08-10T02:27:14.248Z,102
2026-08-10T02:28:12.845Z,102
2026-08-10T02:32:14.377Z,101.3
2026-08-10T02:32:14.602Z,101.3
2026-08-10T02:34:25.597Z,101.3
2026-08-10T02:34:25.817Z,101.3
2026-08-10T02:34:26.023Z,101.3
2026-08-10T02:34:26.223Z,101.3
2026-08-10T02:39:25.447Z,92
2026-08-10T02:39:25.741Z,92
2026-08-10T02:44:25.383Z,92
2026-08-10T02:44:26.340Z,92
2026-08-10T02:49:25.408Z,92.2
2026-08-10T02:49:25.777Z,92.2
2026-08-10T02:53:10.507Z,92.2
2026-08-10T02:53:10.848Z,92.2
2026-08-10T02:53:11.190Z,92.2
2026-08-10T02:53:11.396Z,92.2
2026-08-10T04:12:34.990Z,96.4
2026-08-10T04:12:35.279Z,96.4
2026-08-10T04:17:34.928Z,96.7
2026-08-10T04:17:35.872Z,96.7
2026-08-10T04:22:34.932Z,96.7
2026-08-10T04:22:35.303Z,96.7
2026-08-10T04:22:44.964Z,96.7
2026-08-10T04:22:45.164Z,96.7
2026-08-10T04:22:45.493Z,96.7
2026-08-10T04:22:45.701Z,96.7
2026-08-10T06:23:54.175Z,93.5
2026-08-10T06:23:54.374Z,93.5
2026-08-10T09:41:13.178Z,89.1
2026-08-10T09:41:13.509Z,89.1
2026-08-10T11:50:40.877Z,88.2
2026-08-10T11:50:41.071Z,88.2
2026-08-10T12:58:21.029Z,88.1
2026-08-10T12:58:21.228Z,88.1
2026-08-10T13:34:43.745Z,88.1
2026-08-10T13:34:52.982Z,88.1
2026-08-10T15:08:30.344Z,92.6
2026-08-10T15:08:30.533Z,92.6
2026-08-10T15:40:23.532Z,92.8
2026-08-10T15:40:24.673Z,92.8
2026-08-10T16:05:07.735Z,94.7
2026-08-10T16:05:07.963Z,94.7
2026-08-10T16:10:08.427Z,94.7
2026-08-10T16:10:09.287Z,94.7
2026-08-10T16:15:07.687Z,95.3
2026-08-10T16:15:07.921Z,95.3
2026-08-10T16:20:07.463Z,95.3
2026-08-10T16:20:08.296Z,95.3
2026-08-10T16:25:07.502Z,95.3
2026-08-10T16:25:07.701Z,95.3
2026-08-10T16:30:07.838Z,96.4
2026-08-10T16:30:08.026Z,96.4
2026-08-10T16:33:40.634Z,96.4
2026-08-10T16:33:41.002Z,96.4
2026-08-10T16:33:41.220Z,96.4
2026-08-10T16:33:42.076Z,96.4
2026-08-10T19:46:34.941Z,102.9
2026-08-10T19:46:35.115Z,102.9
2026-08-10T19:47:59.544Z,102.9
2026-08-10T19:47:59.710Z,102.9
2026-08-10T19:47:59.870Z,102.9
2026-08-10T19:48:00.036Z,102.9
2026-08-10T19:53:32.128Z,102.9
2026-08-10T19:53:32.604Z,102.9
2026-08-10T19:58:32.127Z,102.9
2026-08-10T19:58:33.080Z,102.9
2026-08-10T20:03:32.116Z,103.6
2026-08-10T20:03:32.598Z,103.6
2026-08-10T20:08:32.107Z,103.6
2026-08-10T20:08:32.597Z,103.6
2026-08-10T20:13:32.064Z,103.6
2026-08-10T20:13:33.056Z,103.6
2026-08-10T20:18:32.115Z,104.1
2026-08-10T20:18:32.617Z,104.1
2026-08-10T20:21:19.735Z,104.1
2026-08-10T20:21:19.936Z,104.1
2026-08-10T20:21:20.097Z,104.1
2026-08-10T20:21:20.258Z,104.1
2026-08-10T20:21:21.319Z,104.1
2026-08-10T20:21:21.529Z,104.1
2026-08-10T20:21:22.207Z,104.1
2026-08-10T20:21:22.376Z,104.1
2026-08-10T20:21:22.664Z,104.1
2026-08-10T20:21:22.824Z,104.1
2026-08-10T20:21:23.284Z,104.1
2026-08-10T20:21:23.447Z,104.1
2026-08-10T20:21:23.765Z,104.1
2026-08-10T20:21:23.922Z,104.1
2026-08-10T20:21:24.348Z,104.1
2026-08-10T20:21:24.507Z,104.1
2026-08-10T20:21:24.830Z,104.1
2026-08-10T20:21:24.989Z,104.1
2026-08-10T20:21:25.651Z,104.1
2026-08-10T20:21:25.811Z,104.1
2026-08-10T20:21:26.137Z,104.1
2026-08-10T20:21:26.297Z,104.1
2026-08-10T20:21:26.687Z,104.1
2026-08-10T20:21:26.845Z,104.1
2026-08-10T20:21:27.126Z,104.1
2026-08-10T20:21:27.330Z,104.1
2026-08-10T20:21:27.914Z,104.1
2026-08-10T20:21:28.078Z,104.1
2026-08-10T20:21:28.539Z,104.1
2026-08-10T20:21:28.717Z,104.1
2026-08-10T20:21:29.356Z,104.1
2026-08-10T20:21:29.512Z,104.1
2026-08-10T20:21:29.822Z,104.1
2026-08-10T20:21:29.978Z,104.1
2026-08-10T20:21:30.629Z,104.1
2026-08-10T20:21:30.789Z,104.1
2026-08-10T20:21:31.119Z,104.1
2026-08-10T20:21:31.275Z,104.1
2026-08-10T20:21:31.904Z,104.1
2026-08-10T20:21:32.060Z,104.1
2026-08-10T20:21:32.429Z,104.1
2026-08-10T20:21:32.592Z,104.1
2026-08-10T20:21:33.265Z,104.1
2026-08-10T20:21:33.421Z,104.1
2026-08-10T20:21:33.734Z,104.1
2026-08-10T20:21:33.891Z,104.1
2026-08-10T20:21:34.325Z,104.1
2026-08-10T20:21:34.479Z,104.1
2026-08-10T20:21:34.797Z,104.1
2026-08-10T20:21:34.954Z,104.1
2026-08-10T20:21:35.571Z,104.1
2026-08-10T20:21:35.724Z,104.1
2026-08-10T20:21:36.021Z,104.1
2026-08-10T20:21:36.178Z,104.1
2026-08-10T20:21:36.624Z,104.1
2026-08-10T20:21:36.778Z,104.1
2026-08-10T20:21:37.097Z,104.1
2026-08-10T20:21:37.273Z,104.1
2026-08-10T20:21:37.725Z,104.1
2026-08-10T20:21:37.884Z,104.1
2026-08-10T20:21:38.113Z,104.1
2026-08-10T20:21:38.271Z,104.1
2026-08-10T20:21:38.904Z,104.1
2026-08-10T20:21:39.058Z,104.1
2026-08-10T20:21:39.376Z,104.1
2026-08-10T20:21:39.531Z,104.1
2026-08-10T20:21:39.950Z,104.1
2026-08-10T20:21:40.108Z,104.1
2026-08-10T20:21:41.854Z,104.1
2026-08-10T20:21:42.939Z,104.1
2026-08-10T20:21:43.104Z,104.1
2026-08-10T20:21:53.693Z,104.1
2026-08-10T20:21:53.854Z,104.1
2026-08-10T20:26:54.127Z,104.1
2026-08-10T20:31:27.618Z,104.6
2026-08-10T20:31:27.792Z,104.6
2026-08-10T20:31:28.038Z,104.6
2026-08-10T20:31:28.208Z,104.6
2026-08-10T20:32:00.213Z,104.6
2026-08-10T20:32:00.374Z,104.6
2026-08-10T20:32:00.533Z,104.6
2026-08-10T20:32:00.690Z,104.6
2026-08-10T20:37:00.160Z,104.6
2026-08-10T20:37:02.038Z,104.6
2026-08-10T20:42:00.340Z,103.6
2026-08-10T20:42:00.625Z,103.6
2026-08-10T20:47:00.400Z,104.2
2026-08-10T20:47:00.645Z,104.2
2026-08-10T20:47:36.771Z,104.2
2026-08-10T20:48:12.652Z,104.2
2026-08-10T20:48:36.798Z,104.2
2026-08-10T20:48:36.975Z,104.2
2026-08-10T20:48:37.143Z,104.2
2026-08-10T20:48:37.303Z,104.2
2026-08-10T20:54:38.266Z,104.2
2026-08-10T20:54:38.428Z,104.2
2026-08-10T20:56:13.726Z,104.2
2026-08-10T20:56:21.738Z,104.2
2026-08-10T20:59:37.950Z,104.2
2026-08-10T20:59:38.114Z,104.2
2026-08-10T21:01:28.392Z,104.7
2026-08-10T21:01:38.041Z,104.7
2026-08-10T21:02:02.706Z,104.7
2026-08-10T21:02:05.627Z,104.7
2026-08-10T21:04:38.094Z,104.7
2026-08-10T21:04:38.267Z,104.7
2026-08-10T21:09:37.997Z,104.7
2026-08-10T21:09:38.157Z,104.7
2026-08-10T21:13:48.188Z,104.7
2026-08-10T21:13:48.352Z,104.7
2026-08-10T21:13:48.508Z,104.7
2026-08-10T21:13:48.665Z,104.7
2026-08-10T22:52:53.082Z,106.1
2026-08-10T22:52:53.295Z,106.1
2026-08-10T22:58:54.129Z,106.1
2026-08-10T22:58:54.337Z,106.1
2026-08-10T23:07:33.648Z,106
2026-08-10T23:07:33.864Z,106
2026-08-10T23:12:42.337Z,106
2026-08-10T23:12:42.531Z,106
2026-08-10T23:14:04.021Z,106
2026-08-10T23:16:45.107Z,105.7
2026-08-10T23:16:45.358Z,105.7
2026-08-10T23:16:45.541Z,105.7
2026-08-10T23:16:45.729Z,105.7
2026-08-10T23:17:01.049Z,105.7
2026-08-10T23:18:35.943Z,105.7
2026-08-10T23:18:36.258Z,105.7
2026-08-10T23:18:36.634Z,105.7
2026-08-10T23:18:36.816Z,105.7
2026-08-10T23:18:44.061Z,105.7
2026-08-10T23:19:55.318Z,105.7
2026-08-10T23:19:55.568Z,105.7
2026-08-10T23:19:55.769Z,105.7
2026-08-10T23:19:55.969Z,105.7
2026-08-10T23:20:14.008Z,105.7
2026-08-10T23:24:54.988Z,105.7
2026-08-10T23:24:55.190Z,105.7
2026-08-10T23:27:42.993Z,105.7
2026-08-10T23:27:43.188Z,105.7
2026-08-10T23:27:43.392Z,105.7
2026-08-10T23:27:43.578Z,105.7
2026-08-10T23:29:28.906Z,105.7
2026-08-10T23:29:29.111Z,105.7
2026-08-10T23:29:29.311Z,105.7
2026-08-10T23:29:29.498Z,105.7
2026-08-10T23:34:30.186Z,105.2
2026-08-10T23:34:30.379Z,105.2
2026-08-10T23:34:46.208Z,105.2
2026-08-10T23:34:46.413Z,105.2
2026-08-10T23:34:46.609Z,105.2
2026-08-10T23:34:46.797Z,105.2
2026-08-10T23:35:22.372Z,105.2
2026-08-10T23:35:22.585Z,105.2
2026-08-10T23:35:22.778Z,105.2
2026-08-10T23:35:22.968Z,105.2
2026-08-10T23:36:27.931Z,105.2
2026-08-10T23:36:28.131Z,105.2
2026-08-10T23:36:28.332Z,105.2
2026-08-10T23:36:28.531Z,105.2
2026-08-10T23:41:28.129Z,105.2
2026-08-10T23:41:28.324Z,105.2
2026-08-10T23:44:20.808Z,105.2
2026-08-10T23:44:21.040Z,105.2
2026-08-10T23:44:21.253Z,105.2
2026-08-10T23:44:21.584Z,105.2
2026-08-10T23:45:46.917Z,105
2026-08-10T23:45:47.132Z,105
2026-08-10T23:45:47.335Z,105
2026-08-10T23:45:47.535Z,105
2026-08-10T23:46:05.707Z,105
2026-08-10T23:46:06.046Z,105
2026-08-10T23:46:06.233Z,105
2026-08-10T23:46:06.422Z,105
2026-08-10T23:51:17.647Z,105
2026-08-10T23:51:17.948Z,105
2026-08-10T23:51:18.145Z,105
2026-08-10T23:51:18.338Z,105
2026-08-10T23:53:20.608Z,105
2026-08-10T23:53:20.811Z,105
2026-08-10T23:53:21.038Z,105
2026-08-10T23:53:21.227Z,105
2026-08-10T23:58:20.883Z,105
2026-08-10T23:58:21.659Z,105
2026-08-10T23:59:16.505Z,105
2026-08-10T23:59:16.694Z,105
2026-08-10T23:59:17.015Z,105
2026-08-10T23:59:17.200Z,105
2026-08-11T00:12:59.430Z,104.8
2026-08-11T00:12:59.664Z,104.8
2026-08-11T00:28:33.701Z,104.8
2026-08-11T00:28:33.899Z,104.8
2026-08-11T00:37:45.846Z,104.7
2026-08-11T00:37:46.032Z,104.7
2026-08-11T00:48:17.656Z,104.4
2026-08-11T00:48:18.376Z,104.4
2026-08-11T00:57:29.281Z,104.4
2026-08-11T00:57:29.473Z,104.4
2026-08-11T01:11:46.259Z,104.2
2026-08-11T01:11:46.474Z,104.2
2026-08-11T01:36:43.351Z,103.4
2026-08-11T01:36:43.586Z,103.4
2026-08-11T01:46:12.860Z,103.1
2026-08-11T01:46:13.084Z,103.1
2026-08-11T01:48:07.936Z,103.1
2026-08-11T01:48:08.165Z,103.1
2026-08-11T01:48:08.362Z,103.1
2026-08-11T01:48:08.556Z,103.1
2026-08-11T01:53:08.791Z,103.1
2026-08-11T01:53:09.001Z,103.1
2026-08-11T01:58:08.773Z,103.1
2026-08-11T01:58:09.557Z,103.1
2026-08-11T02:01:00.508Z,102.1
2026-08-11T02:01:00.675Z,102.1
2026-08-11T02:01:00.976Z,102.1
2026-08-11T02:01:01.263Z,102.1
2026-08-11T02:01:01.727Z,102.1
2026-08-11T02:01:01.921Z,102.1
2026-08-11T02:01:02.762Z,102.1
2026-08-11T02:01:03.616Z,102.1
2026-08-11T02:01:04.350Z,102.1
2026-08-11T02:01:05.183Z,102.1
2026-08-11T02:01:06.085Z,102.1
2026-08-11T02:01:06.809Z,102.1
2026-08-11T02:01:07.568Z,102.1
2026-08-11T02:01:08.385Z,102.1
2026-08-11T02:01:09.228Z,102.1
2026-08-11T02:01:10.084Z,102.1
2026-08-11T02:01:10.784Z,102.1
2026-08-11T02:01:11.490Z,102.1
2026-08-11T02:01:12.325Z,102.1
2026-08-11T02:01:13.161Z,102.1
2026-08-11T02:01:14.062Z,102.1
2026-08-11T02:01:14.796Z,102.1
2026-08-11T02:01:15.892Z,102.1
2026-08-11T02:01:16.768Z,102.1
2026-08-11T02:01:17.511Z,102.1
2026-08-11T02:01:18.351Z,102.1
2026-08-11T02:01:19.100Z,102.1
2026-08-11T02:01:20.000Z,102.1
2026-08-11T02:01:20.717Z,102.1
2026-08-11T02:01:21.565Z,102.1
2026-08-11T02:01:22.316Z,102.1
2026-08-11T02:01:23.166Z,102.1
2026-08-11T02:01:24.018Z,102.1
2026-08-11T02:01:24.724Z,102.1
2026-08-11T02:01:25.897Z,102.1
2026-08-11T02:01:26.658Z,102.1
2026-08-11T02:01:27.685Z,102.1
2026-08-11T02:01:28.729Z,102.1
2026-08-11T02:01:29.440Z,102.1
2026-08-11T02:01:30.141Z,102.1
2026-08-11T02:01:31.008Z,102.1
2026-08-11T02:01:31.765Z,102.1
2026-08-11T02:01:32.587Z,102.1
2026-08-11T02:01:33.286Z,102.1
2026-08-11T02:01:33.999Z,102.1
2026-08-11T02:01:34.875Z,102.1
2026-08-11T02:01:35.605Z,102.1
2026-08-11T02:01:36.322Z,102.1
2026-08-11T02:01:37.266Z,102.1
2026-08-11T02:01:38.148Z,102.1
2026-08-11T02:01:39.087Z,102.1
2026-08-11T02:01:39.783Z,102.1
2026-08-11T02:01:40.519Z,102.1
2026-08-11T02:01:42.600Z,102.1
2026-08-11T02:01:43.348Z,102.1
2026-08-11T02:01:44.102Z,102.1
2026-08-11T02:01:45.000Z,102.1
2026-08-11T02:01:45.755Z,102.1
2026-08-11T02:01:46.517Z,102.1
2026-08-11T02:01:47.801Z,102.1
2026-08-11T02:01:48.748Z,102.1
2026-08-11T02:01:49.461Z,102.1
2026-08-11T02:01:50.152Z,102.1
2026-08-11T02:01:50.865Z,102.1
2026-08-11T02:01:51.586Z,102.1
2026-08-11T02:01:52.278Z,102.1
2026-08-11T02:01:52.990Z,102.1
2026-08-11T02:01:53.686Z,102.1
2026-08-11T02:01:54.383Z,102.1
2026-08-11T02:01:55.075Z,102.1
2026-08-11T02:01:55.771Z,102.1
2026-08-11T02:01:56.476Z,102.1
2026-08-11T02:01:57.179Z,102.1
2026-08-11T02:01:57.899Z,102.1
2026-08-11T02:01:58.601Z,102.1
2026-08-11T02:01:59.322Z,102.1
2026-08-11T02:02:00.949Z,102.1
2026-08-11T02:02:02.047Z,102.1
2026-08-11T02:02:03.295Z,102.1
2026-08-11T02:02:04.040Z,102.1
2026-08-11T02:02:04.737Z,102.1
2026-08-11T02:02:05.473Z,102.1
2026-08-11T02:02:06.193Z,102.1
2026-08-11T02:02:06.925Z,102.1
2026-08-11T02:02:07.658Z,102.1
2026-08-11T02:02:08.397Z,102.1
2026-08-11T02:02:09.118Z,102.1
2026-08-11T02:02:09.813Z,102.1
2026-08-11T02:02:10.507Z,102.1
2026-08-11T02:02:11.339Z,102.1
2026-08-11T02:02:12.038Z,102.1
2026-08-11T02:02:12.740Z,102.1
2026-08-11T02:02:13.446Z,102.1
2026-08-11T02:02:14.158Z,102.1
2026-08-11T02:02:14.860Z,102.1
2026-08-11T02:02:15.616Z,102.1
2026-08-11T02:02:16.316Z,102.1
2026-08-11T02:02:17.107Z,102.1
2026-08-11T02:02:17.809Z,102.1
2026-08-11T02:02:18.528Z,102.1
2026-08-11T02:02:19.317Z,102.1
2026-08-11T02:02:20.518Z,102.1
2026-08-11T02:02:22.153Z,102.1
2026-08-11T02:02:22.900Z,102.1
2026-08-11T02:02:23.631Z,102.1
2026-08-11T02:02:24.385Z,102.1
2026-08-11T02:02:25.100Z,102.1
2026-08-11T02:02:26.002Z,102.1
2026-08-11T02:02:26.914Z,102.1
2026-08-11T02:02:27.758Z,102.1
2026-08-11T02:02:28.541Z,102.1
2026-08-11T02:02:29.544Z,102.1
2026-08-11T02:02:30.867Z,102.1
2026-08-11T02:02:31.860Z,102.1
2026-08-11T02:02:32.991Z,102.1
2026-08-11T02:02:34.161Z,102.1
2026-08-11T02:02:35.163Z,102.1
2026-08-11T02:02:35.905Z,102.1
2026-08-11T02:02:36.627Z,102.1
2026-08-11T02:02:37.345Z,102.1
2026-08-11T02:02:38.082Z,102.1
2026-08-11T02:02:38.791Z,102.1
2026-08-11T02:02:39.570Z,102.1
2026-08-11T02:02:40.329Z,102.1
2026-08-11T02:02:41.228Z,102.1
2026-08-11T02:02:42.006Z,102.1
2026-08-11T02:02:42.790Z,102.1
2026-08-11T02:02:43.491Z,102.1
2026-08-11T02:02:44.229Z,102.1
2026-08-11T02:02:44.919Z,102.1
2026-08-11T02:02:45.617Z,102.1
2026-08-11T02:02:46.371Z,102.1
2026-08-11T02:02:47.158Z,102.1
2026-08-11T02:02:47.865Z,102.1
2026-08-11T02:02:48.574Z,102.1
2026-08-11T02:02:49.721Z,102.1
2026-08-11T02:02:50.896Z,102.1
2026-08-11T02:02:51.598Z,102.1
2026-08-11T02:02:52.326Z,102.1
2026-08-11T02:02:53.040Z,102.1
2026-08-11T02:02:53.755Z,102.1
2026-08-11T02:02:54.497Z,102.1
2026-08-11T02:02:55.205Z,102.1
2026-08-11T02:02:55.937Z,102.1
2026-08-11T02:02:56.738Z,102.1
2026-08-11T02:02:57.427Z,102.1
2026-08-11T02:02:58.116Z,102.1
2026-08-11T02:02:58.839Z,102.1
2026-08-11T02:02:59.606Z,102.1
2026-08-11T02:03:00.861Z,102.1
2026-08-11T02:03:01.576Z,102.1
2026-08-11T02:03:02.275Z,102.1
2026-08-11T02:03:03.000Z,102.1
2026-08-11T02:03:03.705Z,102.1
2026-08-11T02:03:04.427Z,102.1
2026-08-11T02:03:05.157Z,102.1
2026-08-11T02:03:05.857Z,102.1
2026-08-11T02:03:06.560Z,102.1
2026-08-11T02:03:07.281Z,102.1
2026-08-11T02:03:07.979Z,102.1
2026-08-11T02:03:08.680Z,102.1
2026-08-11T02:03:09.987Z,102.1
2026-08-11T02:03:10.951Z,102.1
2026-08-11T02:03:11.947Z,102.1
2026-08-11T02:03:12.759Z,102.1
2026-08-11T02:03:13.653Z,102.1
2026-08-11T02:03:14.431Z,102.1
2026-08-11T02:03:15.163Z,102.1
2026-08-11T02:03:15.897Z,102.1
2026-08-11T02:03:16.668Z,102.1
2026-08-11T02:03:17.418Z,102.1
2026-08-11T02:03:18.244Z,102.1
2026-08-11T02:03:18.999Z,102.1
2026-08-11T02:03:19.739Z,102.1
2026-08-11T02:03:20.557Z,102.1
2026-08-11T02:03:21.376Z,102.1
2026-08-11T02:03:22.160Z,102.1
2026-08-11T02:03:22.917Z,102.1
2026-08-11T02:03:23.799Z,102.1
2026-08-11T02:03:24.552Z,102.1
2026-08-11T02:03:25.275Z,102.1
2026-08-11T02:03:26.090Z,102.1
2026-08-11T02:03:27.095Z,102.1
2026-08-11T02:03:27.924Z,102.1
2026-08-11T02:03:29.010Z,102.1
2026-08-11T02:03:29.782Z,102.1
2026-08-11T02:03:30.654Z,102.1
2026-08-11T02:03:31.460Z,102.1
2026-08-11T02:03:32.368Z,102.1
2026-08-11T02:03:33.094Z,102.1
2026-08-11T02:03:33.916Z,102.1
2026-08-11T02:03:34.670Z,102.1
2026-08-11T02:03:35.467Z,102.1
2026-08-11T02:03:36.167Z,102.1
2026-08-11T02:03:36.942Z,102.1
2026-08-11T02:03:37.821Z,102.1
2026-08-11T02:03:38.733Z,102.1
2026-08-11T02:03:39.535Z,102.1
2026-08-11T02:03:40.406Z,102.1
2026-08-11T02:03:41.143Z,102.1
2026-08-11T02:03:41.876Z,102.1
2026-08-11T02:03:42.601Z,102.1
2026-08-11T02:03:43.927Z,102.1
2026-08-11T02:03:44.669Z,102.1
2026-08-11T02:03:45.393Z,102.1
2026-08-11T02:03:46.146Z,102.1
2026-08-11T02:03:46.913Z,102.1
2026-08-11T02:03:47.634Z,102.1
2026-08-11T02:03:48.503Z,102.1
2026-08-11T02:03:49.226Z,102.1
2026-08-11T02:03:49.943Z,102.1
2026-08-11T02:03:50.655Z,102.1
2026-08-11T02:03:51.432Z,102.1
2026-08-11T02:03:52.151Z,102.1
2026-08-11T02:03:52.889Z,102.1
2026-08-11T02:03:53.590Z,102.1
2026-08-11T02:03:54.345Z,102.1
2026-08-11T02:03:55.060Z,102.1
2026-08-11T02:03:55.799Z,102.1
2026-08-11T02:03:56.620Z,102.1
2026-08-11T02:03:57.516Z,102.1
2026-08-11T02:03:58.251Z,102.1
2026-08-11T02:03:59.018Z,102.1
2026-08-11T02:03:59.736Z,102.1
2026-08-11T02:04:00.454Z,102.1
2026-08-11T02:04:01.175Z,102.1
2026-08-11T02:04:01.923Z,102.1
2026-08-11T02:04:02.714Z,102.1
2026-08-11T02:04:03.447Z,102.1
2026-08-11T02:04:04.184Z,102.1
2026-08-11T02:04:05.071Z,102.1
2026-08-11T02:04:05.799Z,102.1
2026-08-11T02:04:06.515Z,102.1
2026-08-11T02:04:07.367Z,102.1
2026-08-11T02:04:08.448Z,102.1
2026-08-11T02:04:09.165Z,102.1
2026-08-11T02:04:09.854Z,102.1
2026-08-11T02:04:10.605Z,102.1
2026-08-11T02:04:11.357Z,102.1
2026-08-11T02:04:12.082Z,102.1
2026-08-11T02:04:12.826Z,102.1
2026-08-11T02:04:13.591Z,102.1
2026-08-11T02:04:14.313Z,102.1
2026-08-11T02:04:15.074Z,102.1
2026-08-11T02:04:16.014Z,102.1
2026-08-11T02:04:16.735Z,102.1
2026-08-11T02:04:17.487Z,102.1
2026-08-11T02:04:18.208Z,102.1
2026-08-11T02:04:18.925Z,102.1
2026-08-11T02:04:19.764Z,102.1
2026-08-11T02:04:20.472Z,102.1
2026-08-11T02:04:21.208Z,102.1
2026-08-11T02:04:21.929Z,102.1
2026-08-11T02:04:22.651Z,102.1
2026-08-11T02:04:23.401Z,102.1
2026-08-11T02:04:24.101Z,102.1
2026-08-11T02:04:24.838Z,102.1
2026-08-11T02:04:25.585Z,102.1
2026-08-11T02:04:26.281Z,102.1
2026-08-11T02:04:27.210Z,102.1
2026-08-11T02:04:27.943Z,102.1
2026-08-11T02:04:28.743Z,102.1
2026-08-11T02:04:29.474Z,102.1
2026-08-11T02:04:30.287Z,102.1
2026-08-11T02:04:31.015Z,102.1
2026-08-11T02:04:31.733Z,102.1
2026-08-11T02:04:32.479Z,102.1
2026-08-11T02:04:33.312Z,102.1
2026-08-11T02:04:34.118Z,102.1
2026-08-11T02:04:34.864Z,102.1
2026-08-11T02:04:35.585Z,102.1
2026-08-11T02:04:36.339Z,102.1
2026-08-11T02:04:37.274Z,102.1
2026-08-11T02:04:38.165Z,102.1
2026-08-11T02:04:38.877Z,102.1
2026-08-11T02:04:39.730Z,102.1
2026-08-11T02:04:40.431Z,102.1
2026-08-11T02:04:41.391Z,102.1
2026-08-11T02:04:42.298Z,102.1
2026-08-11T02:04:43.026Z,102.1
2026-08-11T02:04:43.727Z,102.1
2026-08-11T02:04:44.471Z,102.1
2026-08-11T02:04:45.176Z,102.1
2026-08-11T02:04:45.897Z,102.1
2026-08-11T02:04:46.654Z,102.1
2026-08-11T02:04:47.927Z,102.1
2026-08-11T02:04:48.894Z,102.1
2026-08-11T02:04:50.035Z,102.1
2026-08-11T02:04:50.750Z,102.1
2026-08-11T02:04:51.754Z,102.1
2026-08-11T02:04:52.978Z,102.1
2026-08-11T02:04:53.881Z,102.1
2026-08-11T02:04:54.668Z,102.1
2026-08-11T02:04:55.478Z,102.1
2026-08-11T02:04:56.180Z,102.1
2026-08-11T02:04:56.902Z,102.1
2026-08-11T02:04:57.654Z,102.1
2026-08-11T02:04:58.364Z,102.1
2026-08-11T02:04:59.069Z,102.1
2026-08-11T02:04:59.975Z,102.1
2026-08-11T02:05:00.693Z,102.1
2026-08-11T02:05:01.658Z,102.1
2026-08-11T02:05:03.085Z,102.1
2026-08-11T02:05:04.717Z,102.1
2026-08-11T02:05:05.763Z,102.1
2026-08-11T02:05:06.716Z,102.1
2026-08-11T02:05:07.565Z,102.1
2026-08-11T02:05:08.591Z,102.1
2026-08-11T02:05:09.533Z,102.1
2026-08-11T02:05:10.279Z,102.1
2026-08-11T02:05:11.078Z,102.1
2026-08-11T02:05:11.841Z,102.1
2026-08-11T02:05:12.589Z,102.1
2026-08-11T02:05:13.323Z,102.1
2026-08-11T02:05:14.099Z,102.1
2026-08-11T02:05:14.841Z,102.1
2026-08-11T02:05:15.766Z,102.1
2026-08-11T02:05:16.554Z,102.1
2026-08-11T02:05:17.362Z,102.1
2026-08-11T02:05:18.125Z,102.1
2026-08-11T02:05:18.862Z,102.1
2026-08-11T02:05:19.578Z,102.1
2026-08-11T02:05:20.273Z,102.1
2026-08-11T02:05:20.992Z,102.1
2026-08-11T02:05:21.716Z,102.1
2026-08-11T02:05:22.445Z,102.1
2026-08-11T02:05:23.156Z,102.1
2026-08-11T02:05:23.840Z,102.1
2026-08-11T02:05:24.544Z,102.1
2026-08-11T02:05:25.407Z,102.1
2026-08-11T02:05:26.126Z,102.1
2026-08-11T02:05:26.862Z,102.1
2026-08-11T02:05:27.563Z,102.1
2026-08-11T02:05:29.046Z,102.1
2026-08-11T02:05:29.786Z,102.1
2026-08-11T02:05:30.650Z,102.1
2026-08-11T02:05:31.595Z,102.1
2026-08-11T02:05:32.483Z,102.1
2026-08-11T02:05:33.289Z,102.1
2026-08-11T02:05:34.102Z,102.1
2026-08-11T02:05:34.800Z,102.1
2026-08-11T02:05:35.469Z,102.1
2026-08-11T02:05:36.171Z,102.1
2026-08-11T02:05:36.914Z,102.1
2026-08-11T02:05:37.675Z,102.1
2026-08-11T02:05:38.410Z,102.1
2026-08-11T02:05:39.189Z,102.1
2026-08-11T02:05:39.962Z,102.1
2026-08-11T02:05:40.663Z,102.1
2026-08-11T02:05:41.660Z,102.1
2026-08-11T02:05:42.775Z,102.1
2026-08-11T02:05:43.619Z,102.1
2026-08-11T02:05:44.359Z,102.1
2026-08-11T02:05:45.089Z,102.1
2026-08-11T02:05:45.994Z,102.1
2026-08-11T02:05:47.296Z,102.1
2026-08-11T02:05:48.174Z,102.1
2026-08-11T02:05:49.092Z,102.1
2026-08-11T02:05:49.850Z,102.1
2026-08-11T02:05:50.719Z,102.1
2026-08-11T02:05:51.470Z,102.1
2026-08-11T02:05:52.294Z,102.1
2026-08-11T02:05:53.058Z,102.1
2026-08-11T02:05:53.864Z,102.1
2026-08-11T02:05:54.865Z,102.1
2026-08-11T02:05:55.627Z,102.1
2026-08-11T02:05:56.348Z,102.1
2026-08-11T02:05:57.101Z,102.1
2026-08-11T02:05:57.847Z,102.1
2026-08-11T02:05:58.749Z,102.1
2026-08-11T02:05:59.941Z,102.1
2026-08-11T02:06:01.454Z,102.1
2026-08-11T02:06:02.347Z,102.1
2026-08-11T02:06:03.042Z,102.1
2026-08-11T02:06:03.884Z,102.1
2026-08-11T02:06:04.969Z,102.1
2026-08-11T02:06:05.736Z,102.1
2026-08-11T02:06:06.453Z,102.1
2026-08-11T02:06:07.200Z,102.1
2026-08-11T02:06:07.955Z,102.1
2026-08-11T02:06:08.731Z,102.1
2026-08-11T02:06:09.435Z,102.1
2026-08-11T02:06:10.163Z,102.1
2026-08-11T02:06:11.005Z,102.1
2026-08-11T02:06:12.119Z,102.1
2026-08-11T02:06:13.279Z,102.1
2026-08-11T02:06:14.546Z,102.1
2026-08-11T02:06:15.707Z,102.1
2026-08-11T02:06:16.472Z,102.1
2026-08-11T02:06:17.181Z,102.1
2026-08-11T02:06:17.915Z,102.1
2026-08-11T02:06:18.664Z,102.1
2026-08-11T02:06:19.484Z,102.1
2026-08-11T02:06:20.312Z,102.1
2026-08-11T02:06:21.026Z,102.1
2026-08-11T02:06:21.770Z,102.1
2026-08-11T02:06:22.671Z,102.1
2026-08-11T02:06:23.496Z,102.1
2026-08-11T02:06:24.177Z,102.1
2026-08-11T02:06:24.979Z,102.1
2026-08-11T02:06:25.845Z,102.1
2026-08-11T02:06:26.580Z,102.1
2026-08-11T02:06:28.135Z,102.1
2026-08-11T02:06:28.872Z,102.1
2026-08-11T02:06:29.681Z,102.1
2026-08-11T02:06:30.450Z,102.1
2026-08-11T02:06:31.270Z,102.1
2026-08-11T02:06:32.715Z,102.1
2026-08-11T02:06:33.462Z,102.1
2026-08-11T02:06:34.262Z,102.1
2026-08-11T02:06:35.573Z,102.1
2026-08-11T02:06:36.370Z,102.1
2026-08-11T02:06:37.075Z,102.1
2026-08-11T02:06:37.810Z,102.1
2026-08-11T02:06:38.533Z,102.1
2026-08-11T02:06:39.722Z,102.1
2026-08-11T02:06:40.579Z,102.1
2026-08-11T02:06:41.511Z,102.1
2026-08-11T02:06:42.282Z,102.1
2026-08-11T02:06:42.983Z,102.1
2026-08-11T02:06:43.693Z,102.1
2026-08-11T02:06:44.402Z,102.1
2026-08-11T02:06:45.394Z,102.1
2026-08-11T02:06:46.191Z,102.1
2026-08-11T02:06:46.954Z,102.1
2026-08-11T02:06:47.701Z,102.1
2026-08-11T02:06:48.483Z,102.1
2026-08-11T02:06:49.201Z,102.1
2026-08-11T02:06:49.994Z,102.1
2026-08-11T02:06:50.702Z,102.1
2026-08-11T02:06:51.471Z,102.1
2026-08-11T02:06:52.175Z,102.1
2026-08-11T02:06:52.898Z,102.1
2026-08-11T02:06:53.837Z,102.1
2026-08-11T02:06:54.601Z,102.1
2026-08-11T02:06:55.308Z,102.1
2026-08-11T02:06:56.382Z,102.1
2026-08-11T02:06:57.283Z,102.1
2026-08-11T02:06:58.181Z,102.1
2026-08-11T02:06:58.931Z,102.1
2026-08-11T02:06:59.693Z,102.1
2026-08-11T02:07:01.071Z,102.1
2026-08-11T02:07:02.361Z,102.1
2026-08-11T02:07:03.111Z,102.1
2026-08-11T02:07:03.871Z,102.1
2026-08-11T02:07:04.634Z,102.1
2026-08-11T02:07:05.720Z,102.1
2026-08-11T02:07:06.668Z,102.1
2026-08-11T02:07:07.678Z,102.1
2026-08-11T02:07:08.616Z,102.1
2026-08-11T02:07:09.453Z,102.1
2026-08-11T02:07:10.745Z,102.1
2026-08-11T02:07:11.714Z,102.1
2026-08-11T02:07:12.511Z,102.1
2026-08-11T02:07:13.287Z,102.1
2026-08-11T02:07:14.315Z,102.1
2026-08-11T02:07:15.811Z,102.1
2026-08-11T02:07:16.806Z,102.1
2026-08-11T02:07:17.511Z,102.1
2026-08-11T02:07:18.228Z,102.1
2026-08-11T02:07:18.926Z,102.1
2026-08-11T02:07:19.634Z,102.1
2026-08-11T02:07:20.353Z,102.1
2026-08-11T02:07:21.066Z,102.1
2026-08-11T02:07:21.806Z,102.1
2026-08-11T02:07:22.816Z,102.1
2026-08-11T02:07:23.963Z,102.1
2026-08-11T02:07:24.732Z,102.1
2026-08-11T02:07:25.469Z,102.1
2026-08-11T02:07:26.760Z,102.1
2026-08-11T02:07:27.869Z,102.1
2026-08-11T02:07:28.592Z,102.1
2026-08-11T02:07:29.546Z,102.1
2026-08-11T02:07:30.502Z,102.1
2026-08-11T02:07:31.216Z,102.1
2026-08-11T02:07:31.943Z,102.1
2026-08-11T02:07:32.667Z,102.1
2026-08-11T02:07:33.413Z,102.1
2026-08-11T02:07:34.112Z,102.1
2026-08-11T02:07:34.838Z,102.1
2026-08-11T02:07:35.568Z,102.1
2026-08-11T02:07:36.277Z,102.1
2026-08-11T02:07:36.980Z,102.1
2026-08-11T02:07:37.679Z,102.1
2026-08-11T02:07:38.409Z,102.1
2026-08-11T02:07:40.038Z,102.1
2026-08-11T02:07:40.772Z,102.1
2026-08-11T02:07:41.557Z,102.1
2026-08-11T02:07:42.281Z,102.1
2026-08-11T02:07:43.254Z,102.1
2026-08-11T02:07:44.043Z,102.1
2026-08-11T02:07:45.078Z,102.1
2026-08-11T02:07:45.915Z,102.1
2026-08-11T02:07:46.796Z,102.1
2026-08-11T02:07:47.658Z,102.1
2026-08-11T02:07:48.535Z,102.1
2026-08-11T02:07:49.282Z,102.1
2026-08-11T02:07:50.038Z,102.1
2026-08-11T02:07:50.723Z,102.1
2026-08-11T02:07:51.520Z,102.1
2026-08-11T02:07:52.246Z,102.1
2026-08-11T02:07:52.983Z,102.1
2026-08-11T02:07:54.367Z,102.1
2026-08-11T02:07:55.112Z,102.1
2026-08-11T02:07:55.835Z,102.1
2026-08-11T02:07:56.551Z,102.1
2026-08-11T02:07:58.008Z,102.1
2026-08-11T02:07:58.760Z,102.1
2026-08-11T02:07:59.627Z,102.1
2026-08-11T02:08:00.654Z,102.1
2026-08-11T02:08:01.373Z,102.1
2026-08-11T02:08:02.128Z,102.1
2026-08-11T02:08:03.384Z,102.1
2026-08-11T02:08:04.295Z,102.1
2026-08-11T02:08:05.056Z,102.1
2026-08-11T02:08:05.840Z,102.1
2026-08-11T02:08:06.632Z,102.1
2026-08-11T02:08:07.379Z,102.1
2026-08-11T02:08:08.129Z,102.1
2026-08-11T02:08:09.248Z,102.1
2026-08-11T02:08:10.596Z,102.1
2026-08-11T02:08:11.441Z,102.1
2026-08-11T02:08:12.179Z,102.1
2026-08-11T02:08:13.158Z,102.1
2026-08-11T02:08:14.356Z,102.1
2026-08-11T02:08:15.305Z,102.1
2026-08-11T02:08:16.051Z,102.1
2026-08-11T02:08:17.012Z,102.1
2026-08-11T02:08:17.981Z,102.1
2026-08-11T02:08:18.750Z,102.1
2026-08-11T02:08:19.636Z,102.1
2026-08-11T02:08:20.453Z,102.1
2026-08-11T02:08:21.827Z,102.1
2026-08-11T02:08:22.439Z,102.1
2026-08-11T02:08:23.189Z,102.1
2026-08-11T02:08:23.900Z,102.1
2026-08-11T02:08:24.601Z,102.1
2026-08-11T02:08:25.300Z,102.1
2026-08-11T02:08:26.003Z,102.1
2026-08-11T02:08:26.704Z,102.1
2026-08-11T02:08:27.419Z,102.1
2026-08-11T02:08:28.145Z,102.1
2026-08-11T02:08:29.327Z,102.1
2026-08-11T02:08:30.100Z,102.1
2026-08-11T02:08:30.829Z,102.1
2026-08-11T02:08:31.651Z,102.1
2026-08-11T02:08:32.377Z,102.1
2026-08-11T02:08:33.101Z,102.1
2026-08-11T02:08:33.815Z,102.1
2026-08-11T02:08:35.132Z,102.1
2026-08-11T02:08:35.994Z,102.1
2026-08-11T02:08:36.755Z,102.1
2026-08-11T02:08:37.556Z,102.1
2026-08-11T02:08:38.753Z,102.1
2026-08-11T02:08:39.508Z,102.1
2026-08-11T02:08:40.268Z,102.1
2026-08-11T02:08:41.095Z,102.1
2026-08-11T02:08:41.807Z,102.1
2026-08-11T02:08:42.497Z,102.1
2026-08-11T02:08:43.221Z,102.1
2026-08-11T02:08:43.922Z,102.1
2026-08-11T02:08:44.625Z,102.1
2026-08-11T02:08:45.377Z,102.1
2026-08-11T02:08:46.206Z,102.1
2026-08-11T02:08:47.055Z,102.1
2026-08-11T02:08:48.120Z,102.1
2026-08-11T02:08:48.980Z,102.1
2026-08-11T02:08:50.450Z,102.1
2026-08-11T02:08:51.346Z,102.1
2026-08-11T02:08:52.155Z,102.1
2026-08-11T02:08:52.854Z,102.1
2026-08-11T02:08:53.677Z,102.1
2026-08-11T02:08:54.444Z,102.1
2026-08-11T02:08:55.244Z,102.1
2026-08-11T02:08:56.593Z,102.1
2026-08-11T02:08:57.357Z,102.1
2026-08-11T02:08:58.439Z,102.1
2026-08-11T02:08:59.200Z,102.1
2026-08-11T02:08:59.910Z,102.1
2026-08-11T02:09:00.871Z,102.1
2026-08-11T02:09:01.877Z,102.1
2026-08-11T02:09:02.603Z,102.1
2026-08-11T02:09:03.753Z,102.1
2026-08-11T02:09:04.541Z,102.1
2026-08-11T02:09:05.247Z,102.1
2026-08-11T02:09:05.986Z,102.1
2026-08-11T02:09:06.812Z,102.1
2026-08-11T02:09:07.616Z,102.1
2026-08-11T02:09:08.377Z,102.1
2026-08-11T02:09:09.211Z,102.1
2026-08-11T02:09:10.544Z,102.1
2026-08-11T02:09:11.401Z,102.1
2026-08-11T02:09:12.152Z,102.1
2026-08-11T02:09:13.270Z,102.1
2026-08-11T02:09:14.528Z,102.1
2026-08-11T02:09:15.364Z,102.1
2026-08-11T02:09:17.015Z,102.1
2026-08-11T02:09:17.826Z,102.1
2026-08-11T02:09:18.547Z,102.1
2026-08-11T02:09:19.705Z,102.1
2026-08-11T02:09:20.758Z,102.1
2026-08-11T02:09:21.556Z,102.1
2026-08-11T02:09:24.064Z,102.1
2026-08-11T02:09:25.726Z,102.1
2026-08-11T02:09:26.919Z,102.1
2026-08-11T02:09:27.822Z,102.1
2026-08-11T02:09:30.707Z,102.1
2026-08-11T02:09:31.897Z,102.1
2026-08-11T02:09:32.888Z,102.1
2026-08-11T02:09:33.725Z,102.1
2026-08-11T02:09:35.308Z,102.1
2026-08-11T02:09:36.349Z,102.1
2026-08-11T02:09:37.261Z,102.1
2026-08-11T02:09:38.251Z,102.1
2026-08-11T02:09:40.329Z,102.1
2026-08-11T02:09:41.121Z,102.1
2026-08-11T02:09:41.943Z,102.1
2026-08-11T02:09:42.768Z,102.1
2026-08-11T02:09:44.409Z,102.1
2026-08-11T02:09:45.284Z,102.1
2026-08-11T02:09:46.091Z,102.1
2026-08-11T02:09:46.870Z,102.1
2026-08-11T02:09:48.850Z,102.1
2026-08-11T02:09:49.763Z,102.1
2026-08-11T02:09:50.679Z,102.1
2026-08-11T02:09:52.600Z,102.1
2026-08-11T02:09:53.642Z,102.1
2026-08-11T02:09:54.450Z,102.1
2026-08-11T02:09:56.664Z,102.1
2026-08-11T02:09:57.711Z,102.1
2026-08-11T02:10:00.095Z,102.1
2026-08-11T02:10:01.252Z,102.1
2026-08-11T02:10:03.633Z,102.1
2026-08-11T02:10:04.729Z,102.1
2026-08-11T02:10:05.501Z,102.1
2026-08-11T02:10:07.219Z,102.1
2026-08-11T02:10:07.993Z,102.1
2026-08-11T02:10:09.954Z,102.1
2026-08-11T02:10:10.857Z,102.1
2026-08-11T02:10:13.948Z,102.1
2026-08-11T02:10:14.878Z,102.1
2026-08-11T02:10:17.150Z,102.1
2026-08-11T02:30:08.867Z,100.4
2026-08-11T02:30:09.063Z,100.4
2026-08-11T02:30:17.993Z,100.4
2026-08-11T02:30:18.257Z,100.4
2026-08-11T02:30:21.262Z,100.4
2026-08-11T02:30:22.097Z,100.4
2026-08-11T02:30:23.105Z,100.4
2026-08-11T02:30:24.095Z,100.4
2026-08-11T02:30:25.420Z,100.4
2026-08-11T02:30:34.320Z,100.4
2026-08-11T02:30:37.081Z,100.4
2026-08-11T02:30:37.877Z,100.4
2026-08-11T02:30:38.620Z,100.4
2026-08-11T02:30:39.382Z,100.4
2026-08-11T02:30:40.262Z,100.4
2026-08-11T02:30:41.047Z,100.4
2026-08-11T02:30:41.921Z,100.4
2026-08-11T02:30:42.741Z,100.4
2026-08-11T02:30:43.673Z,100.4
2026-08-11T02:30:44.495Z,100.4
2026-08-11T02:30:45.397Z,100.4
2026-08-11T02:30:46.274Z,100.4
2026-08-11T02:30:47.051Z,100.4
2026-08-11T02:30:47.994Z,100.4
2026-08-11T02:30:49.127Z,100.4
2026-08-11T02:30:49.924Z,100.4
2026-08-11T02:30:50.765Z,100.4
2026-08-11T02:30:51.688Z,100.4
2026-08-11T02:30:52.677Z,100.4
2026-08-11T02:30:53.629Z,100.4
2026-08-11T02:30:54.709Z,100.4
2026-08-11T02:30:55.765Z,100.4
2026-08-11T02:30:56.769Z,100.4
2026-08-11T02:30:57.584Z,100.4
2026-08-11T02:30:58.531Z,100.4
2026-08-11T02:30:59.399Z,100.4
2026-08-11T02:31:00.336Z,100.4
2026-08-11T02:31:01.419Z,100.4
2026-08-11T02:31:02.587Z,100.4
2026-08-11T02:31:03.562Z,100.4
2026-08-11T02:31:04.504Z,100.4
2026-08-11T02:31:05.413Z,100.4
2026-08-11T02:31:06.215Z,100.4
2026-08-11T02:31:06.933Z,100.4
2026-08-11T02:31:08.139Z,100.4
2026-08-11T02:31:09.030Z,100.4
2026-08-11T02:31:09.965Z,100.4
2026-08-11T02:31:10.946Z,100.4
2026-08-11T02:31:11.782Z,100.4
2026-08-11T02:31:13.438Z,100.4
2026-08-11T02:31:14.643Z,100.4
2026-08-11T02:31:15.933Z,100.4
2026-08-11T02:31:16.945Z,100.4
2026-08-11T02:31:18.038Z,100.4
2026-08-11T02:31:19.124Z,100.4
2026-08-11T02:31:19.850Z,100.4
2026-08-11T02:31:20.820Z,100.4
2026-08-11T02:31:21.568Z,100.4
2026-08-11T02:31:22.302Z,100.4
2026-08-11T02:31:23.209Z,100.4
2026-08-11T02:31:23.959Z,100.4
2026-08-11T02:31:24.876Z,100.4
2026-08-11T02:31:25.881Z,100.4
2026-08-11T02:31:26.634Z,100.4
2026-08-11T02:31:27.633Z,100.4
2026-08-11T02:31:28.384Z,100.4
2026-08-11T02:31:29.307Z,100.4
2026-08-11T02:31:30.055Z,100.4
2026-08-11T02:31:31.283Z,100.4
2026-08-11T02:31:32.390Z,100.4
2026-08-11T02:31:33.745Z,100.4
2026-08-11T02:31:34.671Z,100.4
2026-08-11T02:31:35.648Z,100.4
2026-08-11T02:31:36.386Z,100.4
2026-08-11T02:31:37.317Z,100.4
2026-08-11T02:31:38.089Z,100.4
2026-08-11T02:31:38.992Z,100.4
2026-08-11T02:31:39.784Z,100.4
2026-08-11T02:31:40.737Z,100.4
2026-08-11T02:31:43.122Z,100.4
2026-08-11T02:31:43.837Z,100.4
2026-08-11T02:31:44.655Z,100.4
2026-08-11T02:31:45.627Z,100.4
2026-08-11T02:31:46.469Z,100.4
2026-08-11T02:31:47.420Z,100.4
2026-08-11T02:31:48.143Z,100.4
2026-08-11T02:31:49.318Z,100.4
2026-08-11T02:31:50.413Z,100.4
2026-08-11T02:31:51.166Z,100.4
2026-08-11T02:31:52.079Z,100.4
2026-08-11T02:31:53.011Z,100.4
2026-08-11T02:31:53.829Z,100.4
2026-08-11T02:31:54.558Z,100.4
2026-08-11T02:31:55.323Z,100.4
2026-08-11T02:31:56.097Z,100.4
2026-08-11T02:31:56.854Z,100.4
2026-08-11T02:31:57.760Z,100.4
2026-08-11T02:31:58.511Z,100.4
2026-08-11T02:31:59.412Z,100.4
2026-08-11T02:32:00.379Z,100.4
2026-08-11T02:32:01.221Z,100.4
2026-08-11T02:32:01.950Z,100.4
2026-08-11T02:32:03.144Z,100.4
2026-08-11T02:32:03.868Z,100.4
2026-08-11T02:32:04.861Z,100.4
2026-08-11T02:32:05.648Z,100.4
2026-08-11T02:32:06.405Z,100.4
2026-08-11T02:32:07.185Z,100.4
2026-08-11T02:32:07.990Z,100.4
2026-08-11T02:32:09.706Z,100.4
2026-08-11T02:32:09.908Z,100.4
2026-08-11T02:37:09.729Z,100.4
2026-08-11T02:37:09.925Z,100.4
2026-08-11T02:37:10.123Z,100.4
2026-08-11T02:37:10.322Z,100.4
2026-08-11T02:40:31.095Z,100.4
2026-08-11T02:40:31.312Z,100.4
2026-08-11T02:40:31.520Z,100.4
2026-08-11T02:40:31.711Z,100.4
2026-08-11T02:45:31.786Z,99.7
2026-08-11T02:45:32.011Z,99.7
2026-08-11T02:50:31.763Z,99.7
2026-08-11T02:50:32.562Z,99.7
2026-08-11T02:55:31.735Z,99.7
2026-08-11T02:55:31.945Z,99.7
2026-08-11T03:00:32.086Z,98.9
2026-08-11T03:00:32.512Z,98.9
2026-08-11T03:05:31.783Z,98.9
2026-08-11T03:05:31.989Z,98.9
2026-08-11T03:10:31.743Z,98.9
2026-08-11T03:10:31.952Z,98.9
2026-08-11T03:16:12.731Z,98.1
2026-08-11T03:16:12.943Z,98.1
2026-08-11T03:21:12.843Z,98.1
2026-08-11T03:21:13.639Z,98.1
2026-08-11T03:26:12.756Z,98.1
2026-08-11T03:26:12.958Z,98.1
2026-08-11T03:31:12.783Z,98.7
2026-08-11T03:31:12.990Z,98.7
2026-08-11T03:36:12.767Z,98.7
2026-08-11T03:36:13.558Z,98.7
2026-08-11T03:37:56.873Z,98.7
2026-08-11T03:37:57.068Z,98.7
2026-08-11T03:37:57.265Z,98.7
2026-08-11T03:37:57.593Z,98.7
2026-08-11T03:40:30.548Z,98.7
2026-08-11T03:40:30.748Z,98.7
2026-08-11T03:40:31.175Z,98.7
2026-08-11T03:40:31.549Z,98.7
2026-08-11T04:09:04.680Z,97.2
2026-08-11T04:09:04.880Z,97.2
2026-08-11T04:54:54.972Z,89.1
2026-08-11T04:54:55.176Z,89.1
2026-08-11T06:12:08.161Z,92.3
2026-08-11T06:12:08.615Z,92.3
2026-08-11T07:50:38.757Z,92.2
2026-08-11T07:50:38.958Z,92.2
2026-08-11T09:23:55.337Z,88.6
2026-08-11T09:23:55.659Z,88.6
2026-08-11T10:28:40.684Z,87
2026-08-11T10:28:41.017Z,87
2026-08-11T11:33:02.132Z,81.2
2026-08-11T11:33:02.323Z,81.2
2026-08-11T12:30:09.871Z,80.9
2026-08-11T12:30:10.079Z,80.9
2026-08-11T12:35:09.515Z,80.9
2026-08-11T12:35:10.485Z,80.9
2026-08-11T12:37:47.818Z,80.9
2026-08-11T12:37:48.015Z,80.9
2026-08-11T12:37:48.348Z,80.9
2026-08-11T12:37:48.587Z,80.9
2026-08-11T12:47:19.884Z,82.7
2026-08-11T12:47:20.084Z,82.7
2026-08-11T12:52:19.906Z,82.7
2026-08-11T12:52:20.672Z,82.7
2026-08-11T12:57:19.864Z,82.7
2026-08-11T12:57:20.087Z,82.7
2026-08-11T13:02:19.962Z,82.4
2026-08-11T13:02:20.171Z,82.4
2026-08-11T13:07:19.934Z,82.4
2026-08-11T13:07:20.719Z,82.4
2026-08-11T13:08:22.091Z,82.4
2026-08-11T13:08:22.289Z,82.4
2026-08-11T13:08:22.714Z,82.4
2026-08-11T13:08:23.082Z,82.4
2026-08-11T13:40:25.806Z,83.2
2026-08-11T13:40:27.788Z,83.2
2026-08-11T13:40:28.320Z,83.2
2026-08-11T13:40:28.840Z,83.2
2026-08-11T13:40:29.045Z,83.2
2026-08-11T13:40:29.639Z,83.2
2026-08-11T13:40:29.831Z,83.2
2026-08-11T13:40:30.470Z,83.2
2026-08-11T13:40:30.667Z,83.2
2026-08-11T13:40:31.425Z,83.2
2026-08-11T13:40:31.615Z,83.2
2026-08-11T13:40:32.370Z,83.2
2026-08-11T13:40:32.569Z,83.2
2026-08-11T13:40:33.398Z,83.2
2026-08-11T13:40:33.594Z,83.2
2026-08-11T13:40:34.313Z,83.2
2026-08-11T13:40:34.507Z,83.2
2026-08-11T13:40:35.150Z,83.2
2026-08-11T13:40:35.337Z,83.2
2026-08-11T13:40:36.142Z,83.2
2026-08-11T13:40:36.367Z,83.2
2026-08-11T13:40:37.131Z,83.2
2026-08-11T13:40:37.327Z,83.2
2026-08-11T13:40:38.059Z,83.2
2026-08-11T13:40:38.249Z,83.2
2026-08-11T13:40:38.994Z,83.2
2026-08-11T13:40:39.185Z,83.2
2026-08-11T13:40:39.814Z,83.2
2026-08-11T13:40:40.005Z,83.2
2026-08-11T13:40:40.717Z,83.2
2026-08-11T13:40:40.905Z,83.2
2026-08-11T13:40:41.647Z,83.2
2026-08-11T13:40:41.835Z,83.2
2026-08-11T13:40:42.573Z,83.2
2026-08-11T13:40:42.767Z,83.2
2026-08-11T13:40:43.556Z,83.2
2026-08-11T13:40:43.754Z,83.2
2026-08-11T13:40:44.495Z,83.2
2026-08-11T13:40:44.687Z,83.2
2026-08-11T13:40:45.249Z,83.2
2026-08-11T13:40:45.445Z,83.2
2026-08-11T13:40:46.159Z,83.2
2026-08-11T13:40:46.361Z,83.2
2026-08-11T13:40:47.125Z,83.2
2026-08-11T13:40:47.368Z,83.2
2026-08-11T13:40:47.931Z,83.2
2026-08-11T13:40:48.124Z,83.2
2026-08-11T13:40:48.879Z,83.2
2026-08-11T13:40:49.072Z,83.2
2026-08-11T13:40:49.639Z,83.2
2026-08-11T13:40:49.935Z,83.2
2026-08-11T13:40:50.632Z,83.2
2026-08-11T13:40:50.835Z,83.2
2026-08-11T13:40:51.381Z,83.2
2026-08-11T13:40:51.575Z,83.2
2026-08-11T13:40:52.339Z,83.2
2026-08-11T13:40:52.531Z,83.2
2026-08-11T13:40:53.080Z,83.2
2026-08-11T13:40:53.278Z,83.2
2026-08-11T13:40:54.052Z,83.2
2026-08-11T13:40:54.261Z,83.2
2026-08-11T13:40:54.997Z,83.2
2026-08-11T13:40:55.190Z,83.2
2026-08-11T13:40:55.989Z,83.2
2026-08-11T13:40:56.181Z,83.2
2026-08-11T13:40:56.951Z,83.2
2026-08-11T13:40:57.147Z,83.2
2026-08-11T13:40:57.798Z,83.2
2026-08-11T13:40:57.991Z,83.2
2026-08-11T13:40:58.749Z,83.2
2026-08-11T13:40:58.939Z,83.2
2026-08-11T13:40:59.749Z,83.2
2026-08-11T13:40:59.950Z,83.2
2026-08-11T13:41:00.652Z,83.2
2026-08-11T13:41:00.847Z,83.2
2026-08-11T13:41:01.450Z,83.2
2026-08-11T13:41:01.646Z,83.2
2026-08-11T13:41:02.395Z,83.2
2026-08-11T13:41:02.585Z,83.2
2026-08-11T13:41:03.242Z,83.2
2026-08-11T13:41:03.537Z,83.2
2026-08-11T13:41:04.136Z,83.2
2026-08-11T13:41:04.329Z,83.2
2026-08-11T13:41:05.113Z,83.2
2026-08-11T13:41:05.314Z,83.2
2026-08-11T13:41:06.091Z,83.2
2026-08-11T13:41:06.281Z,83.2
2026-08-11T13:41:07.188Z,83.2
2026-08-11T13:41:07.666Z,83.2
2026-08-11T13:41:08.455Z,83.2
2026-08-11T13:41:08.650Z,83.2
2026-08-11T13:41:08.701Z,83.2
2026-08-11T13:41:08.904Z,83.2
2026-08-11T13:41:09.651Z,83.2
2026-08-11T13:41:09.845Z,83.2
2026-08-11T13:41:10.611Z,83.2
2026-08-11T13:41:10.807Z,83.2
2026-08-11T13:41:11.551Z,83.2
2026-08-11T13:41:11.738Z,83.2
2026-08-11T13:41:12.538Z,83.2
2026-08-11T13:41:12.729Z,83.2
2026-08-11T13:41:13.300Z,83.2
2026-08-11T13:41:14.060Z,83.2
2026-08-11T13:41:14.278Z,83.2
2026-08-11T13:41:14.495Z,83.2
2026-08-11T13:41:15.251Z,83.2
2026-08-11T13:41:15.444Z,83.2
2026-08-11T13:41:16.227Z,83.2
2026-08-11T13:41:16.419Z,83.2
2026-08-11T13:41:17.176Z,83.2
2026-08-11T13:41:17.374Z,83.2
2026-08-11T13:41:18.134Z,83.2
2026-08-11T13:41:18.334Z,83.2
2026-08-11T13:41:18.982Z,83.2
2026-08-11T13:41:19.177Z,83.2
2026-08-11T13:41:19.778Z,83.2
2026-08-11T13:41:19.967Z,83.2
2026-08-11T13:41:20.716Z,83.2
2026-08-11T13:41:20.923Z,83.2
2026-08-11T13:41:21.695Z,83.2
2026-08-11T13:41:21.897Z,83.2
2026-08-11T13:41:22.636Z,83.2
2026-08-11T13:41:22.828Z,83.2
2026-08-11T13:41:23.441Z,83.2
2026-08-11T13:41:23.642Z,83.2
2026-08-11T13:41:24.389Z,83.2
2026-08-11T13:41:24.585Z,83.2
2026-08-11T13:41:25.392Z,83.2
2026-08-11T13:41:25.590Z,83.2
2026-08-11T13:41:26.139Z,83.2
2026-08-11T13:41:26.327Z,83.2
2026-08-11T13:41:27.103Z,83.2
2026-08-11T13:41:27.299Z,83.2
2026-08-11T13:41:27.944Z,83.2
2026-08-11T13:41:28.234Z,83.2
2026-08-11T13:41:29.067Z,83.2
2026-08-11T13:41:29.264Z,83.2
2026-08-11T13:41:30.010Z,83.2
2026-08-11T13:41:30.200Z,83.2
2026-08-11T13:41:30.926Z,83.2
2026-08-11T13:41:31.127Z,83.2
2026-08-11T13:41:31.876Z,83.2
2026-08-11T13:41:32.081Z,83.2
2026-08-11T13:41:32.890Z,83.2
2026-08-11T13:41:33.082Z,83.2
2026-08-11T13:41:33.807Z,83.2
2026-08-11T13:41:33.999Z,83.2
2026-08-11T13:41:34.786Z,83.2
2026-08-11T13:41:34.981Z,83.2
2026-08-11T13:41:35.547Z,83.2
2026-08-11T13:41:35.750Z,83.2
2026-08-11T13:41:36.541Z,83.2
2026-08-11T13:41:36.742Z,83.2
2026-08-11T13:41:37.281Z,83.2
2026-08-11T13:41:37.473Z,83.2
2026-08-11T13:41:38.241Z,83.2
2026-08-11T13:41:38.452Z,83.2
2026-08-11T13:41:38.954Z,83.2
2026-08-11T13:41:39.148Z,83.2
2026-08-11T13:41:39.943Z,83.2
2026-08-11T13:41:40.176Z,83.2
2026-08-11T13:41:40.973Z,83.2
2026-08-11T13:41:41.169Z,83.2
2026-08-11T13:41:41.900Z,83.2
2026-08-11T13:41:42.094Z,83.2
2026-08-11T13:41:42.637Z,83.2
2026-08-11T13:41:42.825Z,83.2
2026-08-11T13:41:43.599Z,83.2
2026-08-11T13:41:43.793Z,83.2
2026-08-11T13:41:44.365Z,83.2
2026-08-11T13:41:44.557Z,83.2
2026-08-11T13:41:45.346Z,83.2
2026-08-11T13:41:45.539Z,83.2
2026-08-11T13:41:46.071Z,83.2
2026-08-11T13:41:46.271Z,83.2
2026-08-11T13:41:47.166Z,83.2
2026-08-11T13:41:47.367Z,83.2
2026-08-11T13:41:48.092Z,83.2
2026-08-11T13:41:48.284Z,83.2
2026-08-11T13:41:48.976Z,83.2
2026-08-11T13:41:49.168Z,83.2
2026-08-11T13:41:49.963Z,83.2
2026-08-11T13:41:50.199Z,83.2
2026-08-11T13:41:51.113Z,83.2
2026-08-11T13:41:51.311Z,83.2
2026-08-11T13:41:52.088Z,83.2
2026-08-11T13:41:52.280Z,83.2
2026-08-11T13:41:53.056Z,83.2
2026-08-11T13:41:53.256Z,83.2
2026-08-11T13:41:53.787Z,83.2
2026-08-11T13:41:53.982Z,83.2
2026-08-11T13:41:54.765Z,83.2
2026-08-11T13:41:54.967Z,83.2
2026-08-11T13:41:55.482Z,83.2
2026-08-11T13:41:55.675Z,83.2
2026-08-11T13:41:56.426Z,83.2
2026-08-11T13:41:56.630Z,83.2
2026-08-11T13:41:57.217Z,83.2
2026-08-11T13:41:57.411Z,83.2
2026-08-11T13:41:58.216Z,83.2
2026-08-11T13:41:58.435Z,83.2
2026-08-11T13:41:59.232Z,83.2
2026-08-11T13:42:00.048Z,83.2
2026-08-11T13:42:00.748Z,83.2
2026-08-11T13:42:01.086Z,83.2
2026-08-11T13:42:01.284Z,83.2
2026-08-11T13:42:02.049Z,83.2
2026-08-11T13:42:02.247Z,83.2
2026-08-11T13:42:02.607Z,83.2
2026-08-11T13:42:02.812Z,83.2
2026-08-11T13:42:03.660Z,83.2
2026-08-11T13:42:03.857Z,83.2
2026-08-11T13:42:04.452Z,83.2
2026-08-11T13:42:04.656Z,83.2
2026-08-11T13:42:05.480Z,83.2
2026-08-11T13:42:05.672Z,83.2
2026-08-11T13:42:06.208Z,83.2
2026-08-11T13:42:06.406Z,83.2
2026-08-11T13:42:07.162Z,83.2
2026-08-11T13:42:07.370Z,83.2
2026-08-11T13:42:08.005Z,83.2
2026-08-11T13:42:08.284Z,83.2
2026-08-11T13:42:08.829Z,83.2
2026-08-11T13:42:09.032Z,83.2
2026-08-11T13:42:09.565Z,83.2
2026-08-11T13:42:09.757Z,83.2
2026-08-11T13:42:10.569Z,83.2
2026-08-11T13:42:10.807Z,83.2
2026-08-11T13:42:11.425Z,83.2
2026-08-11T13:42:11.622Z,83.2
2026-08-11T13:42:12.410Z,83.2
2026-08-11T13:42:12.615Z,83.2
2026-08-11T13:42:13.149Z,83.2
2026-08-11T13:42:13.352Z,83.2
2026-08-11T13:42:14.124Z,83.2
2026-08-11T13:42:14.322Z,83.2
2026-08-11T13:42:15.009Z,83.2
2026-08-11T13:42:15.206Z,83.2
2026-08-11T13:42:15.924Z,83.2
2026-08-11T13:42:16.125Z,83.2
2026-08-11T13:42:16.669Z,83.2
2026-08-11T13:42:16.861Z,83.2
2026-08-11T13:42:17.653Z,83.2
2026-08-11T13:42:17.848Z,83.2
2026-08-11T13:42:18.373Z,83.2
2026-08-11T13:42:18.569Z,83.2
2026-08-11T13:42:19.356Z,83.2
2026-08-11T13:42:19.554Z,83.2
2026-08-11T13:42:20.257Z,83.2
2026-08-11T13:42:20.452Z,83.2
2026-08-11T13:42:21.232Z,83.2
2026-08-11T13:42:21.430Z,83.2
2026-08-11T13:42:22.149Z,83.2
2026-08-11T13:42:22.348Z,83.2
2026-08-11T13:42:23.098Z,83.2
2026-08-11T13:42:23.331Z,83.2
2026-08-11T13:42:24.122Z,83.2
2026-08-11T13:42:24.318Z,83.2
2026-08-11T13:42:25.149Z,83.2
2026-08-11T13:42:25.342Z,83.2
2026-08-11T13:42:26.062Z,83.2
2026-08-11T13:42:26.269Z,83.2
2026-08-11T13:42:27.072Z,83.2
2026-08-11T13:42:27.277Z,83.2
2026-08-11T13:42:27.834Z,83.2
2026-08-11T13:42:28.029Z,83.2
2026-08-11T13:42:28.830Z,83.2
2026-08-11T13:42:29.028Z,83.2
2026-08-11T13:42:29.749Z,83.2
2026-08-11T13:42:29.940Z,83.2
2026-08-11T13:42:30.708Z,83.2
2026-08-11T13:42:30.905Z,83.2
2026-08-11T13:42:31.702Z,83.2
2026-08-11T13:42:31.900Z,83.2
2026-08-11T13:42:32.645Z,83.2
2026-08-11T13:42:32.850Z,83.2
2026-08-11T13:42:33.574Z,83.2
2026-08-11T13:42:33.771Z,83.2
2026-08-11T13:42:34.538Z,83.2
2026-08-11T13:42:34.738Z,83.2
2026-08-11T13:42:35.505Z,83.2
2026-08-11T13:42:35.731Z,83.2
2026-08-11T13:42:36.569Z,83.2
2026-08-11T13:42:36.772Z,83.2
2026-08-11T13:42:37.498Z,83.2
2026-08-11T13:42:37.694Z,83.2
2026-08-11T13:42:38.464Z,83.2
2026-08-11T13:42:38.663Z,83.2
2026-08-11T13:42:39.393Z,83.2
2026-08-11T13:42:39.591Z,83.2
2026-08-11T13:42:40.350Z,83.2
2026-08-11T13:42:40.548Z,83.2
2026-08-11T13:42:41.103Z,83.2
2026-08-11T13:42:41.301Z,83.2
2026-08-11T13:42:42.154Z,83.2
2026-08-11T13:42:42.360Z,83.2
2026-08-11T13:42:43.088Z,83.2
2026-08-11T13:42:43.287Z,83.2
2026-08-11T13:42:44.064Z,83.2
2026-08-11T13:42:44.257Z,83.2
2026-08-11T13:42:44.821Z,83.2
2026-08-11T13:42:45.014Z,83.2
2026-08-11T13:42:45.872Z,83.2
2026-08-11T13:42:46.810Z,83.2
2026-08-11T13:42:47.398Z,83.2
2026-08-11T13:42:47.608Z,83.2
2026-08-11T13:42:47.648Z,83.2
2026-08-11T13:42:47.845Z,83.2
2026-08-11T13:42:48.421Z,83.2
2026-08-11T13:42:48.624Z,83.2
2026-08-11T13:42:49.427Z,83.2
2026-08-11T13:42:49.625Z,83.2
2026-08-11T13:42:50.200Z,83.2
2026-08-11T13:42:50.404Z,83.2
2026-08-11T13:42:51.221Z,83.2
2026-08-11T13:42:51.466Z,83.2
2026-08-11T13:42:52.261Z,83.2
2026-08-11T13:42:52.463Z,83.2
2026-08-11T13:42:53.198Z,83.2
2026-08-11T13:42:53.406Z,83.2
2026-08-11T13:42:54.131Z,83.2
2026-08-11T13:42:54.335Z,83.2
2026-08-11T13:42:55.108Z,83.2
2026-08-11T13:42:55.309Z,83.2
2026-08-11T13:42:55.815Z,83.2
2026-08-11T13:42:56.012Z,83.2
2026-08-11T13:42:56.861Z,83.2
2026-08-11T13:42:57.074Z,83.2
2026-08-11T13:42:57.895Z,83.2
2026-08-11T13:42:58.150Z,83.2
2026-08-11T13:43:00.243Z,83.2
2026-08-11T13:43:00.560Z,83.2
2026-08-11T13:43:01.696Z,83.2
2026-08-11T13:43:01.912Z,83.2
2026-08-11T13:43:02.745Z,83.2
2026-08-11T13:43:02.965Z,83.2
2026-08-11T13:43:03.775Z,83.2
2026-08-11T13:43:03.980Z,83.2
2026-08-11T13:43:04.795Z,83.2
2026-08-11T13:43:04.995Z,83.2
2026-08-11T13:43:05.749Z,83.2
2026-08-11T13:43:05.959Z,83.2
2026-08-11T13:43:06.838Z,83.2
2026-08-11T13:43:07.039Z,83.2
2026-08-11T13:43:07.741Z,83.2
2026-08-11T13:43:08.113Z,83.2
2026-08-11T13:43:08.829Z,83.2
2026-08-11T13:43:09.047Z,83.2
2026-08-11T13:43:09.859Z,83.2
2026-08-11T13:43:10.054Z,83.2
2026-08-11T13:43:10.938Z,83.2
2026-08-11T13:43:11.144Z,83.2
2026-08-11T13:43:11.888Z,83.2
2026-08-11T13:43:12.088Z,83.2
2026-08-11T13:43:12.889Z,83.2
2026-08-11T13:43:13.099Z,83.2
2026-08-11T13:43:13.697Z,83.2
2026-08-11T13:43:13.895Z,83.2
2026-08-11T13:43:14.770Z,83.2
2026-08-11T13:43:14.979Z,83.2
2026-08-11T13:43:15.762Z,83.2
2026-08-11T13:43:15.984Z,83.2
2026-08-11T13:43:16.738Z,83.2
2026-08-11T13:43:16.950Z,83.2
2026-08-11T13:43:17.895Z,83.2
2026-08-11T13:43:18.096Z,83.2
2026-08-11T13:43:18.560Z,83.2
2026-08-11T13:43:18.755Z,83.2
2026-08-11T13:43:19.543Z,83.2
2026-08-11T13:43:19.739Z,83.2
2026-08-11T13:43:20.603Z,83.2
2026-08-11T13:43:20.820Z,83.2
2026-08-11T13:43:21.584Z,83.2
2026-08-11T13:43:21.786Z,83.2
2026-08-11T13:43:22.591Z,83.2
2026-08-11T13:43:22.800Z,83.2
2026-08-11T13:43:23.571Z,83.2
2026-08-11T13:43:23.777Z,83.2
2026-08-11T13:43:24.536Z,83.2
2026-08-11T13:43:24.738Z,83.2
2026-08-11T13:43:25.337Z,83.2
2026-08-11T13:43:25.544Z,83.2
2026-08-11T13:43:26.331Z,83.2
2026-08-11T13:43:26.546Z,83.2
2026-08-11T13:43:27.161Z,83.2
2026-08-11T13:43:27.363Z,83.2
2026-08-11T13:43:28.200Z,83.2
2026-08-11T13:43:28.418Z,83.2
2026-08-11T13:43:29.157Z,83.2
2026-08-11T13:43:29.355Z,83.2
2026-08-11T13:43:30.012Z,83.2
2026-08-11T13:43:30.220Z,83.2
2026-08-11T13:43:30.965Z,83.2
2026-08-11T13:43:31.175Z,83.2
2026-08-11T13:43:31.824Z,83.2
2026-08-11T13:43:32.031Z,83.2
2026-08-11T13:43:32.845Z,83.2
2026-08-11T13:43:33.067Z,83.2
2026-08-11T13:43:33.697Z,83.2
2026-08-11T13:43:33.965Z,83.2
2026-08-11T13:43:34.564Z,83.2
2026-08-11T13:43:34.761Z,83.2
2026-08-11T13:43:35.555Z,83.2
2026-08-11T13:43:35.761Z,83.2
2026-08-11T13:43:36.498Z,83.2
2026-08-11T13:43:37.296Z,83.2
2026-08-11T13:43:38.020Z,83.2
2026-08-11T13:43:38.371Z,83.2
2026-08-11T13:43:38.570Z,83.2
2026-08-11T13:43:39.052Z,83.2
2026-08-11T13:43:39.314Z,83.2
2026-08-11T13:43:39.911Z,83.2
2026-08-11T13:43:40.103Z,83.2
2026-08-11T13:43:40.953Z,83.2
2026-08-11T13:43:41.159Z,83.2
2026-08-11T13:43:41.929Z,83.2
2026-08-11T13:43:42.133Z,83.2
2026-08-11T13:43:42.879Z,83.2
2026-08-11T13:43:43.075Z,83.2
2026-08-11T13:43:43.853Z,83.2
2026-08-11T13:43:44.053Z,83.2
2026-08-11T13:43:44.830Z,83.2
2026-08-11T13:43:45.035Z,83.2
2026-08-11T13:43:45.618Z,83.2
2026-08-11T13:43:45.813Z,83.2
2026-08-11T13:43:46.596Z,83.2
2026-08-11T13:43:46.796Z,83.2
2026-08-11T13:43:47.330Z,83.2
2026-08-11T13:43:47.531Z,83.2
2026-08-11T13:43:48.315Z,83.2
2026-08-11T13:43:48.523Z,83.2
2026-08-11T13:43:49.226Z,83.2
2026-08-11T13:43:49.423Z,83.2
2026-08-11T13:43:50.240Z,83.2
2026-08-11T13:43:50.452Z,83.2
2026-08-11T13:43:51.235Z,83.2
2026-08-11T13:43:51.430Z,83.2
2026-08-11T13:43:52.259Z,83.2
2026-08-11T13:43:52.458Z,83.2
2026-08-11T13:43:53.021Z,83.2
2026-08-11T13:43:53.220Z,83.2
2026-08-11T13:43:54.030Z,83.2
2026-08-11T13:43:54.226Z,83.2
2026-08-11T13:43:54.965Z,83.2
2026-08-11T13:43:55.166Z,83.2
2026-08-11T13:43:55.923Z,83.2
2026-08-11T13:43:56.129Z,83.2
2026-08-11T13:43:56.938Z,83.2
2026-08-11T13:43:57.138Z,83.2
2026-08-11T13:43:57.806Z,83.2
2026-08-11T13:43:57.999Z,83.2
2026-08-11T13:43:58.783Z,83.2
2026-08-11T13:43:58.986Z,83.2
2026-08-11T13:43:59.771Z,83.2
2026-08-11T13:43:59.968Z,83.2
2026-08-11T13:44:00.696Z,83.2
2026-08-11T13:44:00.888Z,83.2
2026-08-11T13:44:01.689Z,83.2
2026-08-11T13:44:01.886Z,83.2
2026-08-11T13:44:02.486Z,83.2
2026-08-11T13:44:02.684Z,83.2
2026-08-11T13:44:03.510Z,83.2
2026-08-11T13:44:03.710Z,83.2
2026-08-11T13:44:04.320Z,83.2
2026-08-11T13:44:04.521Z,83.2
2026-08-11T13:44:05.312Z,83.2
2026-08-11T13:44:05.510Z,83.2
2026-08-11T13:44:06.234Z,83.2
2026-08-11T13:44:06.515Z,83.2
2026-08-11T13:44:07.114Z,83.2
2026-08-11T13:44:07.324Z,83.2
2026-08-11T13:44:08.079Z,83.2
2026-08-11T13:44:08.284Z,83.2
2026-08-11T13:44:09.107Z,83.2
2026-08-11T13:44:09.380Z,83.2
2026-08-11T13:44:10.175Z,83.2
2026-08-11T13:44:10.394Z,83.2
2026-08-11T13:44:11.213Z,83.2
2026-08-11T13:44:11.414Z,83.2
2026-08-11T13:44:12.186Z,83.2
2026-08-11T13:44:12.390Z,83.2
2026-08-11T13:44:13.245Z,83.2
2026-08-11T13:44:13.444Z,83.2
2026-08-11T13:44:14.178Z,83.2
2026-08-11T13:44:14.370Z,83.2
2026-08-11T13:44:15.230Z,83.2
2026-08-11T13:44:15.427Z,83.2
2026-08-11T13:44:16.178Z,83.2
2026-08-11T13:44:16.378Z,83.2
2026-08-11T13:44:17.253Z,83.2
2026-08-11T13:44:17.460Z,83.2
2026-08-11T13:44:18.056Z,83.2
2026-08-11T13:44:18.256Z,83.2
2026-08-11T13:44:19.057Z,83.2
2026-08-11T13:44:19.262Z,83.2
2026-08-11T13:44:20.002Z,83.2
2026-08-11T13:44:20.206Z,83.2
2026-08-11T13:44:20.976Z,83.2
2026-08-11T13:44:21.173Z,83.2
2026-08-11T13:44:21.943Z,83.2
2026-08-11T13:44:22.156Z,83.2
2026-08-11T13:44:23.055Z,83.2
2026-08-11T13:44:23.253Z,83.2
2026-08-11T13:44:24.017Z,83.2
2026-08-11T13:44:24.230Z,83.2
2026-08-11T13:44:25.010Z,83.2
2026-08-11T13:44:25.874Z,83.2
2026-08-11T13:44:26.428Z,83.2
2026-08-11T13:44:26.660Z,83.2
2026-08-11T13:44:26.755Z,83.2
2026-08-11T13:44:26.957Z,83.2
2026-08-11T13:44:27.737Z,83.2
2026-08-11T13:44:27.934Z,83.2
2026-08-11T13:44:28.746Z,83.2
2026-08-11T13:44:28.947Z,83.2
2026-08-11T13:44:29.760Z,83.2
2026-08-11T13:44:29.955Z,83.2
2026-08-11T13:44:30.713Z,83.2
2026-08-11T13:44:30.930Z,83.2
2026-08-11T13:44:31.682Z,83.2
2026-08-11T13:44:31.885Z,83.2
2026-08-11T13:44:32.676Z,83.2
2026-08-11T13:44:32.879Z,83.2
2026-08-11T13:44:33.664Z,83.2
2026-08-11T13:44:33.860Z,83.2
2026-08-11T13:44:34.598Z,83.2
2026-08-11T13:44:34.794Z,83.2
2026-08-11T13:44:35.385Z,83.2
2026-08-11T13:44:35.579Z,83.2
2026-08-11T13:44:36.701Z,83.2
2026-08-11T13:44:36.983Z,83.2
2026-08-11T13:44:37.494Z,83.2
2026-08-11T13:44:37.709Z,83.2
2026-08-11T13:44:38.553Z,83.2
2026-08-11T13:44:38.753Z,83.2
2026-08-11T13:44:39.352Z,83.2
2026-08-11T13:44:39.553Z,83.2
2026-08-11T13:44:40.394Z,83.2
2026-08-11T13:44:40.597Z,83.2
2026-08-11T13:44:41.197Z,83.2
2026-08-11T13:44:41.397Z,83.2
2026-08-11T13:44:42.242Z,83.2
2026-08-11T13:44:42.433Z,83.2
2026-08-11T13:44:43.186Z,83.2
2026-08-11T13:44:43.382Z,83.2
2026-08-11T13:44:44.290Z,83.2
2026-08-11T13:44:44.570Z,83.2
2026-08-11T13:44:45.091Z,83.2
2026-08-11T13:44:45.284Z,83.2
2026-08-11T13:44:45.878Z,83.2
2026-08-11T13:44:46.082Z,83.2
2026-08-11T13:44:46.854Z,83.2
2026-08-11T13:44:47.046Z,83.2
2026-08-11T13:44:47.594Z,83.2
2026-08-11T13:44:47.794Z,83.2
2026-08-11T13:44:48.566Z,83.2
2026-08-11T13:44:48.813Z,83.2
2026-08-11T13:44:49.689Z,83.2
2026-08-11T13:44:49.887Z,83.2
2026-08-11T13:44:50.675Z,83.2
2026-08-11T13:44:50.900Z,83.2
2026-08-11T13:44:51.701Z,83.2
2026-08-11T13:44:51.890Z,83.2
2026-08-11T13:44:52.640Z,83.2
2026-08-11T13:44:52.836Z,83.2
2026-08-11T13:44:53.664Z,83.2
2026-08-11T13:44:53.862Z,83.2
2026-08-11T13:44:54.561Z,83.2
2026-08-11T13:44:54.751Z,83.2
2026-08-11T13:44:55.514Z,83.2
2026-08-11T13:44:55.719Z,83.2
2026-08-11T13:44:56.471Z,83.2
2026-08-11T13:44:56.667Z,83.2
2026-08-11T13:44:57.358Z,83.2
2026-08-11T13:44:57.560Z,83.2
2026-08-11T13:44:58.270Z,83.2
2026-08-11T13:44:58.470Z,83.2
2026-08-11T13:44:59.690Z,83.2
2026-08-11T13:45:00.021Z,83.2
2026-08-11T13:45:00.211Z,83.8
2026-08-11T13:45:00.407Z,83.8
2026-08-11T13:50:01.045Z,83.8
2026-08-11T13:50:02.033Z,83.8
2026-08-11T13:55:00.764Z,83.8
2026-08-11T13:55:00.972Z,83.8
2026-08-11T14:00:01.352Z,84.4
2026-08-11T14:05:00.776Z,84.4
2026-08-11T14:05:00.977Z,84.4
2026-08-11T14:10:01.149Z,84.4
2026-08-11T14:10:01.557Z,84.4
2026-08-11T14:15:00.794Z,85.1
2026-08-11T14:15:00.995Z,85.1
2026-08-11T14:20:50.808Z,85.1
2026-08-11T14:20:51.008Z,85.1
2026-08-11T14:25:50.808Z,85.1
2026-08-11T14:25:51.581Z,85.1
2026-08-11T14:30:50.781Z,86.2
2026-08-11T14:30:50.987Z,86.2
2026-08-11T14:35:50.823Z,87.3
2026-08-11T14:35:51.033Z,87.3
2026-08-11T14:49:27.087Z,87
2026-08-11T14:49:28.171Z,87
2026-08-11T14:49:30.754Z,87
2026-08-11T14:49:30.959Z,87
2026-08-11T14:49:31.820Z,87
2026-08-11T14:49:32.017Z,87
2026-08-11T14:49:32.692Z,87
2026-08-11T14:49:32.902Z,87
2026-08-11T14:49:33.606Z,87
2026-08-11T14:49:33.798Z,87
2026-08-11T14:49:34.493Z,87
2026-08-11T14:49:34.692Z,87
2026-08-11T14:49:35.533Z,87
2026-08-11T14:49:35.821Z,87
2026-08-11T14:49:36.517Z,87
2026-08-11T14:49:36.909Z,87
2026-08-11T14:49:37.387Z,87
2026-08-11T14:49:37.580Z,87
2026-08-11T14:49:38.193Z,87
2026-08-11T14:49:38.817Z,87
2026-08-11T14:49:39.921Z,87
2026-08-11T14:49:40.123Z,87
2026-08-11T14:53:41.118Z,87
2026-08-11T14:53:41.357Z,87
2026-08-11T15:13:08.011Z,87.2
2026-08-11T15:13:08.218Z,87.2
2026-08-11T15:13:11.855Z,87.2
2026-08-11T15:13:12.052Z,87.2
2026-08-11T15:13:36.827Z,87.2
2026-08-11T15:13:37.136Z,87.2
2026-08-11T15:22:12.780Z,87.2
2026-08-11T15:22:13.075Z,87.2
2026-08-11T15:27:12.711Z,87.2
2026-08-11T15:32:12.721Z,86.8
2026-08-11T15:37:13.491Z,86.8
2026-08-11T15:42:13.302Z,86.8
2026-08-11T15:47:13.291Z,88.2
2026-08-11T15:52:13.241Z,88.2
2026-08-11T15:57:23.181Z,88.2
2026-08-11T16:02:23.241Z,89.6
2026-08-11T16:07:23.279Z,89.6
2026-08-11T16:12:23.280Z,89.6
2026-08-11T16:17:23.291Z,91.1
2026-08-11T16:22:23.179Z,91.1
2026-08-11T16:23:09.258Z,91.1
2026-08-11T16:23:09.601Z,91.1
2026-08-11T16:33:34.948Z,92.3
2026-08-11T16:38:34.962Z,92.3
2026-08-11T16:43:34.925Z,92.6
2026-08-11T16:48:34.913Z,93.2
2026-08-11T16:53:34.873Z,93.2
2026-08-11T16:58:34.960Z,93.2
2026-08-11T17:03:48.895Z,93.9
2026-08-11T17:08:48.933Z,93.9
2026-08-11T17:13:48.939Z,93.9
2026-08-11T17:18:48.920Z,94.2
2026-08-11T17:23:48.949Z,94.2
2026-08-11T17:28:48.904Z,94.2
2026-08-11T17:33:49.361Z,94.5
2026-08-11T17:38:48.911Z,94.5
2026-08-11T17:42:51.886Z,91.8
2026-08-11T17:42:52.190Z,91.8
2026-08-11T17:50:06.353Z,92.6
2026-08-11T17:55:06.210Z,92.6
2026-08-11T17:57:00.298Z,92.6
2026-08-11T17:57:01.112Z,92.6
2026-08-11T18:02:00.343Z,93.5
2026-08-11T18:07:00.368Z,93.5
2026-08-11T18:12:00.352Z,93.5
2026-08-11T18:17:00.359Z,94.2
2026-08-11T18:22:00.326Z,94.2
2026-08-11T18:27:00.367Z,94.2
2026-08-11T18:32:03.400Z,94.9
2026-08-11T18:37:03.427Z,94.9
2026-08-11T18:42:03.374Z,94.9
2026-08-11T18:47:03.403Z,95.6
2026-08-11T18:52:03.418Z,95.3
2026-08-11T18:57:03.406Z,95.3
2026-08-11T19:02:03.389Z,96.1
2026-08-11T19:07:03.400Z,96.1
2026-08-11T19:12:03.404Z,96.1
2026-08-11T19:17:03.361Z,96.6
2026-08-11T19:22:03.409Z,96.6
2026-08-11T19:27:03.382Z,96.6
2026-08-11T19:32:03.384Z,97.3
2026-08-11T19:37:03.338Z,97.1
2026-08-11T19:37:27.755Z,97.1
2026-08-11T19:37:28.054Z,97.1
2026-08-11T19:42:28.333Z,97.1
2026-08-11T19:47:27.327Z,97.9
2026-08-11T19:52:27.336Z,97.9
2026-08-11T19:57:27.356Z,97.9
2026-08-11T20:02:27.311Z,98.4
2026-08-11T20:07:27.450Z,98.4
2026-08-11T20:13:03.686Z,98.4
2026-08-11T20:18:03.279Z,99.1
2026-08-11T20:23:03.340Z,99.1
2026-08-11T20:28:03.417Z,99.1
2026-08-11T20:33:03.298Z,99.8
2026-08-11T20:38:03.370Z,99.5
2026-08-11T20:43:03.312Z,99.5
2026-08-11T20:48:03.311Z,100
2026-08-11T20:53:03.320Z,100
2026-08-11T20:58:03.327Z,100
2026-08-11T21:03:03.647Z,100.7
2026-08-11T21:07:27.345Z,100.7
2026-08-11T21:13:03.302Z,100.7
2026-08-11T21:18:03.225Z,101.1
2026-08-11T21:23:03.324Z,101.1
2026-08-11T21:28:03.542Z,101.1
2026-08-11T21:33:03.310Z,101.2
2026-08-11T21:50:49.154Z,101.6
2026-08-11T21:50:49.396Z,101.6
2026-08-11T21:50:59.149Z,101.6
2026-08-11T21:50:59.456Z,101.6
2026-08-11T21:55:59.210Z,101.6
2026-08-11T22:00:59.283Z,101.8
2026-08-11T22:05:59.232Z,101.8
2026-08-11T22:10:59.238Z,101.8
2026-08-11T22:15:59.269Z,102.2
2026-08-11T22:20:59.372Z,102.2
2026-08-11T22:26:04.311Z,102.2
2026-08-11T22:31:03.279Z,102.2
2026-08-11T22:36:03.254Z,101.3
2026-08-11T22:41:03.260Z,101.3
2026-08-11T22:44:35.993Z,101.3
2026-08-11T22:44:36.452Z,101.3
2026-08-11T23:00:05.147Z,101.6
2026-08-11T23:05:04.750Z,101.6
2026-08-11T23:10:05.008Z,101.6
2026-08-11T23:15:04.816Z,101.6
2026-08-11T23:18:42.583Z,101.6
2026-08-11T23:18:42.782Z,101.6
